"host","records_per_host","avg_bow_size","min_bow_size","max_bow_size"
"e4ftl01.cr.usgs.gov",55523,94,20,624
"www.interieur.gouv.fr",51632,189,6,40550
"findingaids.princeton.edu",25845,169,4,52955
"disc2.nascom.nasa.gov",23054,312,16,6856
"ngs.woc.noaa.gov",20660,26,1,20776
"collections.nlm.nih.gov.libproxy.lib.unc.edu",19778,32,6,25289
"academiccommons.columbia.edu",18328,197,17,6346
"vho.nasa.gov",17157,76,1,10290
"earthquake.usgs.gov",13222,2871,2,66845
"opendata.euskadi.eus",12039,1029,1,62075
"storms.ngs.noaa.gov",11776,48,1,20776
"catalog.data.gov",10717,1331,28,67013
"wind.gsfc.nasa.gov",10428,81,14,6847
"walrus.wr.usgs.gov",9901,874,3,10278
"data1.gfdl.noaa.gov",9445,52,8,16575
"bnb.data.bl.uk",8068,161,47,6854
"starbase.jpl.nasa.gov",6623,1158,23,26158
"statistics.data.gov.uk",6348,204,32,44621
"rmgsc.cr.usgs.gov",6258,619,3,29269
"data.3tu.nl",5915,601,2,64763
"inport.nmfs.noaa.gov",5492,534,32,31466
"accession.nodc.noaa.gov",5359,16,7,56
"cxc.cfa.harvard.edu",5123,17,3,3837
"www.nodc.noaa.gov",4861,1416,11,67950
"search.geothermaldata.org",4792,183,50,3095
"acdisc.gsfc.nasa.gov",4616,2689,18,16275
"vmo.igpp.ucla.edu",4058,26,23,34
"acdisc.sci.gsfc.nasa.gov",3994,7122,11,17863
"www.esrl.noaa.gov",3557,291,14,17544
"data.globalchange.gov",3552,118,12,4806
"vho.gsfc.nasa.gov",3516,84,1,4523
"b2find.eudat.eu",3464,364,41,5177
"sam.research.sc.edu",3265,42,14,93
"frda.stanford.edu",3217,6,6,53
"data-search.nerc.ac.uk",3172,483,20,3875
"vmo.nasa.gov",3136,275,1,8655
"repository.stategeothermaldata.org",3068,446,1,43536
"gisdata.nd.gov",2944,1454,3,18848
"www.cambridge.org",2837,94,7,19699
"pubs.usgs.gov",2818,1542,4,20542
"plazi.cs.umb.edu",2691,252,45,3074
"operadata.stanford.edu",2642,6,6,6
"joinup.ec.europa.eu",2459,97,1,11569
"www.usgs.gov",2347,183,6,28576
"data.noaa.gov",2244,1547,176,18215
"tds.ucar.edu",2119,1093,149,63510
"xml2rfc.ietf.org",2020,49,6,890
"ladsweb.nascom.nasa.gov",1998,116,1,1964
"meta.geo.census.gov",1933,1371,100,3579
"ecco2.jpl.nasa.gov",1907,207,15,15184
"www.icpsr.umich.edu",1845,1345,6,4294
"coast.noaa.gov",1745,1390,7,14195
"ferret.pmel.noaa.gov",1623,173,40,21525
"lindquist.cul.columbia.edu",1622,13,8,60
"www.rc.umd.edu",1598,1428,551,16466
"repository.asu.edu",1574,182,5,10971
"portal.gov.cz",1567,19960,8,151693
"www.coris.noaa.gov",1548,1316,52,18226
"cimss.ssec.wisc.edu",1531,31,2,202
"www.landscape.blm.gov",1406,1410,321,7820
"gstore.unm.edu",1292,882,92,5409
"lance.nsstc.nasa.gov",1252,15,14,41
"wind.nasa.gov",1207,635,1,8653
"mrdata.usgs.gov",1180,1559,2,64887
"www.aifb.kit.edu",1173,877,56,98688
"www.cpc.ncep.noaa.gov",1160,114,2,21782
"esds.ac.uk",1157,2623,69,12436
"www.cornellpress.cornell.edu",1143,671,97,2550
"cordis.europa.eu",1136,852,3,8810
"www.ngdc.noaa.gov",1120,2509,11,19349
"data.usgs.gov",1116,2036,137,67013
"libsearch.nps.edu",1115,168,26,727
"d2i.indiana.edu",1107,128,6,519
"zenodo.org",1079,203,11,8223
"data.ulgov.ru",1079,28,1,3277
"profiles.ucdenver.edu",1062,148,5,3341
"data.gc.ca",1046,210,61,2034
"www.euskadi.eus",1030,1374,127,62075
"webarchive.nationalarchives.gov.uk",1022,1692,4,41796
"data.ncvo.org.uk",1008,330,23,14964
"catalog.clarin.eu",1004,343,5,11016
"parliament.yurukov.net",986,73,4,4322
"www.repository.cam.ac.uk",971,536,16,9950
"data.opencolorado.org",912,83,10,6879
"docsouth.unc.edu",903,16056,281,113965
"oai.narcis.nl",903,211,25,2160
"www.glerl.noaa.gov",884,12,1,307
"www.uab.edu",877,30,6,48
"www.seismo.unr.edu",830,5323,15,82395
"gis1.usgs.gov",827,2784,5,19060
"forge.montana.edu",814,261,12,29756
"services.fsd.uta.fi",792,5032,14,41172
"coastwatch.pfeg.noaa.gov",791,1743,3,4255
"www.idwr.idaho.gov",771,3088,14,20036
"edis.usitc.gov",741,44,6,2897
"plainshumanities.unl.edu",724,658,153,6696
"research.cs.wisc.edu",716,6407,3,100768
"opendata.ulgov.ru",715,40,1,3277
"ecco.jpl.nasa.gov",714,375,38,852
"www.eea.europa.eu",706,1201,1,30390
"vwo.gsfc.nasa.gov",686,129,1,1639
"oos.soest.hawaii.edu",681,1464,11,3816
"imars.marine.usf.edu",679,2,2,2
"semantic.digital-agenda-data.eu",657,151,24,2556
"ebba.english.ucsb.edu",640,1571,685,4235
"www.ncddc.noaa.gov",635,2221,11,6993
"data.boisestate.edu",629,986,1,9663
"www1.usgs.gov",619,1595,54,8294
"pubs.er.usgs.gov",616,223,5,1203
"nyx.uky.edu",613,5562,167,43354
"open.canada.ca",607,200,63,976
"www.jiscmail.ac.uk",604,1453,114,10956
"forest.moscowfsl.wsu.edu",596,293,288,366
"www.msu.edu",587,200,1,2936
"water.usgs.gov",573,2001,4,18249
"stellwagen.er.usgs.gov",557,564,2,17377
"logd.tw.rpi.edu",553,,,
"www.soc.hawaii.edu",550,8,1,82
"bv.stanford.edu",542,21,8,52
"siaapps.uits.arizona.edu",529,459,30,27332
"woodshole.er.usgs.gov",524,1957,11,17085
"www2.irekia.euskadi.net",519,32,8,59
"www.dartmouth.edu",513,1,1,12
"www.biocatalogue.org",483,1075,24,20600
"climber.org",477,108,13,2228
"planetred.unl.edu",471,389,25,3044
"www.hq.nasa.gov",471,7,1,27
"opendap.cr.usgs.gov",470,478,18,6525
"apps.fs.fed.us",462,1476,10,7009
"dataserver.nccs.nasa.gov",444,558,31,27877
"www.ral.ucar.edu",436,90,3,964
"www.charts.noaa.gov",434,2368,452,17339
"tripod.brynmawr.edu",431,160,44,659
"www.coast.noaa.gov",430,976,10,7009
"coaps.fsu.edu",419,418,34,2980
"ec.gc.ca",400,1571,10,6991
"quashnet.er.usgs.gov",389,416,9,4368
"www.math.nmsu.edu",374,10,1,70
"data.ioos.us",373,1376,117,1749
"www.sciencebase.gov",369,2262,72,10871
"ouvert.canada.ca",366,205,67,884
"matsu-analytics.opensciencedatacloud.org",366,6038,162,30506
"www.newtonproject.sussex.ac.uk",365,3333,164,28030
"download.wpi.edu",356,361,21,29839
"map.rpi.edu",352,394,40,10678
"insaph.kcl.ac.uk",351,301,175,2868
"www.datafirst.uct.ac.za",348,6367,27,29229
"www.rap.ucar.edu",340,115,3,964
"spotlite.nih.gov.libproxy.lib.unc.edu",329,167,1,5551
"debate.uvm.edu",328,212,2,754
"encdirect.noaa.gov",322,3061,9,7008
"datasets.antwerpen.be",318,4664,2,43869
"data.gov.uk",318,221,47,1197
"crack.seismo.unr.edu",318,108,2,1091
"portal.oceannet.org",313,438,16,6520
"www.rpi.edu",305,14,1,564
"commons.wvc.edu",305,21,1,197
"gcmd.gsfc.nasa.gov",295,180,119,6351
"viewer.soton.ac.uk",294,542,35,19159
"sofia.usgs.gov",292,1735,272,10250
"datafirst.uct.ac.za",291,6759,45,29242
"api.gbif.org",288,121,26,907
"www.w3.org",285,1177,1,17097
"www2.le.ac.uk",283,3122,22,17936
"bluehub.jrc.ec.europa.eu",283,2121,11,4210
"data.nodc.noaa.gov",281,1179,11,5506
"www.princeton.edu",279,9,1,192
"drtc.isibang.ac.in",278,193,21,1115
"www.ideals.illinois.edu",277,873,11,38808
"www.cordis.europa.eu",276,1037,28,3852
"dm.sfos.uaf.edu",274,1550,109,10099
"www.earthsystemgrid.org",274,188,15,7688
"www.aeic.alaska.edu",272,2792,10,42779
"www.rijkswaterstaat.nl",272,30,4,1483
"edg.epa.gov",266,839,27,5775
"upwell.pfeg.noaa.gov",262,1978,11,4270
"cartweb.geography.ua.edu",257,55,44,64
"projects.cs.uaf.edu",257,147,1,1290
"www.lib.utexas.edu",249,3274,18,34520
"www.pasda.psu.edu",249,926,4,4002
"www.itu.int",247,4580,10,26395
"www.ess.uci.edu",246,371,40,1587
"data.gov.ru",245,625,1,9358
"www.zenodo.org",242,161,19,1018
"www.uvm.edu",242,407,1,5823
"www.casos.cs.cmu.edu",239,2497,1,30813
"comcat.cr.usgs.gov",236,456,1,3382
"ghrc.nsstc.nasa.gov",232,369,15,5504
"mcm.lternet.edu",232,1843,454,12862
"www.nottingham.ac.uk",225,412,35,2514
"atlas.resources.ca.gov",225,1852,11,7009
"www.morris.umn.edu",223,7,1,24
"nrdata.nps.gov",220,1791,1240,3462
"atlas.wvgs.wvnet.edu",218,2065,11,6993
"data.ox.ac.uk",217,1101,117,52465
"cather.unl.edu",213,5034,206,83783
"waspftp.cis.rit.edu",210,1,1,1
"services.azgs.az.gov",210,1228,33,6993
"data.ydmed.gov.gr",209,423,63,3804
"fmbaros.ru",209,637,224,1049
"maritimeboundaries.noaa.gov",207,1533,10,7008
"ftp.cpc.ncep.noaa.gov",204,252,34,1547
"geothermal.isgs.illinois.edu",204,1527,74,6993
"apps.fs.usda.gov",203,483,11,7009
"mslapps.mt.gov",202,1057,190,8692
"www.siue.edu",202,262,1,4168
"www.perseus.tufts.edu",200,794,3,36124
"www.navigationdatacenter.us",200,306,3,896
"gispub.epa.gov",199,2460,10,7008
"vmo.gsfc.nasa.gov",199,177,1,1205
"techport.nasa.gov",195,433,28,3884
"www.svb.nl",194,83,11,225
"www.noao.edu",194,6,5,8
"radbelts.gsfc.nasa.gov",194,773,1,8652
"gis.outagamie.org",193,1469,10,6992
"profiles.uky.edu",190,239,17,2358
"gita.grainger.uiuc.edu",189,243,6,8780
"www.ag.ndsu.edu",189,419,4,2004
"geo.sv.rostock.de",189,1699,9,13664
"ora.ox.ac.uk",187,269,2,903
"maps.ngdc.noaa.gov",187,1511,9,7009
"texashistory.unt.edu",187,358,40,38653
"microdata.worldbank.org",187,9701,11,31779
"www2.bc.edu",187,14,1,260
"opendata.hccg.gov.tw",187,281,1,9480
"data.unaids.org",186,1103,2,8669
"vikingsabroad.pdx.edu",184,37,37,37
"datatank4.gent.be",182,1453,1,21362
"enviroatlas.epa.gov",181,2324,19,6992
"locationmde.data.gov.uk",181,397,221,848
"www.agecon.purdue.edu",175,8,8,8
"webqa.coast.noaa.gov",175,230,10,529
"earth.eo.esa.int",174,854,440,991
"geoport.whoi.edu",174,999,221,6554
"www.fgdl.org",174,3375,1068,25971
"ecosystems.mbl.edu",173,1190,2,2598
"docs.lib.noaa.gov",172,547,6,18501
"www.nmu.edu",172,8,1,12
"data.gov.ro",171,1809,1,19769
"www.utdallas.edu",170,32,2,340
"ar2004.emcdda.europa.eu",169,228,41,1904
"www.ttp.kit.edu",169,235,131,3113
"digital.grinnell.edu",169,181,20,948
"www.astro.umd.edu",168,106,10,210
"coweeta.uga.edu",164,1161,7,24576
"documents.gisela-grid.eu",163,52,6,190
"www.ssc.wisc.edu",163,41,1,2898
"www.cs.drexel.edu",161,4916,2,24462
"find.nrao.edu",160,13,7,271
"ccom.unh.edu",160,1000,613,1164
"geonexusr.iowadot.gov",160,453,13,7008
"www.bellevuecollege.edu",160,11,1,101
"web2.nbmg.unr.edu",158,984,63,6993
"ecowatch.ncddc.noaa.gov",157,1795,53,2748
"dl.tufts.edu",156,1232,197,16703
"geodata.epa.gov",156,846,10,7008
"data.denvergov.org",155,944,78,10195
"lter.limnology.wisc.edu",154,1836,657,8579
"static.cdm.reed.edu",154,,,
"www.data.vic.gov.au",153,122,32,632
"services.geocirrus.co.nz",150,203,13,2032
"www.ag.ndsu.nodak.edu",150,8,2,36
"profiles.psu.edu",150,408,18,3027
"www.herbarium.unc.edu",148,8,1,12
"ebiquity.umbc.edu",148,406,19,15706
"www.opendataphilly.org",147,155,37,1700
"irmaservices.nps.gov",147,1697,10,6992
"www.opendata.fi",146,177,52,631
"digital.lib.ecu.edu",146,610,52,9932
"vents-data.interridge.org",145,55,50,62
"www.pewinternet.org",145,319,25,12929
"trilogy.brynmawr.edu",144,1535,227,15885
"gcmdservices.gsfc.nasa.gov",143,863,25,18208
"wrecks.nauticalcharts.noaa.gov",143,1418,10,7009
"kars.ku.edu",143,2198,20,7008
"www.nasa.gov",142,605,272,8528
"socialwork.uw.edu",142,270,47,2193
"medievallondon.ace.fordham.edu",141,647,32,1485
"ora.ouls.ox.ac.uk",140,233,21,666
"www4.ncsu.edu",139,385,1,3560
"www.nws.noaa.gov",139,140,1,6129
"legislation.data.gov.uk",138,6510,294,53477
"www.oirp.pdx.edu",138,8,1,100
"reference.data.gov.uk",137,413,30,16579
"www.studyabroad.miamioh.edu",136,22,22,22
"www.ncdc.noaa.gov",135,37,3,790
"stuff.mit.edu",135,931,2,23917
"discomap.eea.europa.eu",133,836,4,9186
"special.lib.umn.edu",132,2442,227,28715
"motion-database.humanoids.kit.edu",131,9181,25,20138
"homepages.wmich.edu",130,232,1,3832
"www.twu.edu",128,7,3,12
"scholarship.rice.edu",128,3213,70,39583
"en.openei.org",127,319,51,4380
"gispub10.epa.gov",125,1556,10,7008
"www.txstate.edu",125,7,1,16
"www.phys.ksu.edu",124,9,1,32
"data.southampton.ac.uk",124,453,15,11524
"www.uky.edu",124,42,2,274
"www.earth-syst-sci-data.net",124,2427,165,23116
"www.lexvo.org",123,1432,15,4739
"www.data.gouv.fr",123,3437,4,63041
"www.thedigitalwalters.org",123,5438,9,16700
"tutorial.math.lamar.edu",123,11,1,12
"maps.ci.charlotte.nc.us",122,1899,10,6994
"maps.cera.govt.nz",120,270,13,6993
"www.map.nasa.gov",119,85,30,253
"nsidc.org",118,860,2,15890
"taskman.eionet.europa.eu",116,5565,2,98157
"gis.ohiodnr.gov",116,623,9,6378
"spase.info",115,593,79,1873
"land.discomap.eea.europa.eu",115,1615,10,7010
"data.gov.in",115,303,1,4613
"cugirmetadata.mannlib.cornell.edu",115,1106,429,8321
"weather.noaa.gov",113,173,76,328
"data.fs.usda.gov",112,1040,232,4120
"gis.rita.dot.gov",110,53,11,1510
"www.uwex.edu",110,45,1,460
"data.cityofchicago.org",108,3930,26,33679
"www.phys.ufl.edu",108,160,1,2196
"www.volcano.si.edu",107,146,57,217
"mercury.ornl.gov",107,199,32,701
"herbarium.unc.edu",107,8,1,12
"vitallongevity.utdallas.edu",107,23,10,25
"dd.eionet.europa.eu",107,5618,4,64561
"www.xmpp.org",106,64,15,4375
"web.ics.purdue.edu",106,37,1,1066
"www.isgs.illinois.edu",105,1490,403,4495
"databank.ora.ox.ac.uk",105,183,16,7691
"hellokitty.ites.upr.edu",105,3730,2021,14009
"sites.psu.edu",105,22,22,22
"www.isgs.uiuc.edu",104,1402,403,5124
"www.ga.gov.au",103,776,379,2246
"ngmdb.usgs.gov",103,451,78,542
"astrogravs.gsfc.nasa.gov",102,297,55,1194
"lisa6.gsfc.nasa.gov",102,297,54,1194
"www.regent.edu",102,15,10,24
"www.math.utah.edu",102,2623,715,7645
"www.lehendakaritza.ejgv.euskadi.eus",101,3750,193,45928
"haitidata.org",101,500,21,3278
"luq.lternet.edu",101,4345,2019,48306
"repository.opendata.ch",101,1401,179,3998
"data.cityofnewyork.us",100,3570,3,35678
"tcga-data.nci.nih.gov",99,38,28,46
"mldata.org",99,2889,56,54668
"globalchange.nasa.gov",99,170,120,4946
"opendata.yurukov.net",99,289,141,1530
"www.phys.k-state.edu",98,9,1,32
"eidchub.ceh.ac.uk",98,282,96,729
"www2.watkins.edu",98,49,17,154
"ir.columbusstate.edu",98,41,6,101
"www.math.upenn.edu",98,4748,68,32915
"data.linz.gv.at",97,1030,14,7644
"phonedir.uccs.edu",97,118,2,1109
"cdip.ucsd.edu",97,701,652,758
"cloud.insideidaho.org",97,1591,144,7836
"www.cs.cmu.edu",97,26,1,764
"opendata.cern.ch",96,4557,39,50338
"geo.azmag.gov",96,406,21,7008
"ratings.food.gov.uk",96,17143,1,27797
"esrl.noaa.gov",96,610,3,5750
"www.jamstec.go.jp",96,9,1,26
"www.watkins.edu",95,50,17,154
"data.ok.gov",95,1753,25,29480
"mirrors.mit.edu",94,4527,7,59835
"www.cs.umd.edu",94,113,2,5426
"www.economics.ox.ac.uk",94,45,44,46
"phet.colorado.edu",94,363,29,30800
"inspire.ec.europa.eu",93,1754,25,28144
"data.sfgov.org",93,5999,20,39024
"stats06.emcdda.europa.eu",93,456,90,1836
"vocab.lternet.edu",93,63,3,380
"seamlessrnc.nauticalcharts.noaa.gov",93,185,11,1126
"www.cob.org",93,837,99,7964
"csis.pace.edu",92,7,1,28
"www.ovsa.njit.edu",92,580,66,10424
"gis.chesapeakebay.net",92,1263,10,6992
"stats05.emcdda.europa.eu",92,435,102,5923
"clarin-pl.eu",92,396,13,13606
"maps2.dcgis.dc.gov",91,136,21,682
"services.wvgis.wvu.edu",89,1850,10,7009
"core.ecu.edu",89,316,1,8782
"data.bmkg.go.id",89,516,6,4489
"data.doi.gov",89,1553,11,9981
"zlin.ba.ttu.edu",89,8,1,12
"www.bcm.edu",89,40,4,880
"kgs.uky.edu",88,254,16,646
"datahub.io",88,130,27,620
"engineering.purdue.edu",88,94,1,1823
"data.mcc.gov",88,10173,424,44892
"water.discomap.eea.europa.eu",88,838,12,7010
"data.gov.au",87,5841,6,40831
"seakgis03.alaska.edu",86,1556,58,5368
"www.gpo.gov",86,4598,16,91100
"gis.montgomerycountymd.gov",85,52,12,2673
"web.stcloudstate.edu",85,39,1,331
"profiles.bu.edu",85,650,5,2935
"purr.purdue.edu",85,32,30,34
"www.pref.fukuoka.lg.jp",85,13,4,63
"www.cob.unt.edu",84,8,1,14
"www.inference.phy.cam.ac.uk",84,924,2,15560
"astropedia.astrogeology.usgs.gov",84,575,3,1443
"dati.opendataground.it",83,803,52,16332
"www.acsu.buffalo.edu",83,2,1,12
"kmdata.osu.edu",83,351,23,4703
"workspace.nottingham.ac.uk",83,28,28,28
"www.grc.nasa.gov",83,49,1,308
"vista.cira.colostate.edu",83,21,2,154
"sbn.psi.edu",83,475,47,7233
"data.vorarlberg.gv.at",82,215,89,666
"www.imsglobal.org",82,527,12,5254
"egisws02.nos.noaa.gov",82,173,11,5206
"www.math.unl.edu",81,199,1,1989
"profiles.ucsd.edu",81,171,15,2000
"gisinventory.net",81,450,241,1446
"broncosabroad.international.wmich.edu",81,49,49,49
"git-bioimage.coe.drexel.edu",81,244,26,592
"aviationweather.gov",81,1188,1,9887
"europarltv.europa.eu",81,4866,14,28585
"isgs.illinois.edu",80,1357,403,4495
"xml2.des.state.nh.us",80,360,10,6994
"www.cs.nott.ac.uk",79,1754,3,16314
"www.public.asu.edu",79,13,1,225
"galileo.phys.virginia.edu",79,151,1,992
"coastalmap.marine.usgs.gov",78,2866,6,6993
"www.soest.hawaii.edu",78,57,1,455
"astrogravs.nasa.gov",78,316,54,1194
"www.dlib.org",78,76,30,1046
"dublincore.org",78,176,9,3094
"opendata.montpelliernumerique.fr",78,1624,1,22422
"pages.stern.nyu.edu",77,31,2,138
"data.lacity.org",77,3070,7,32060
"tigerweb.geo.census.gov",77,323,5,6993
"abyss.uoregon.edu",75,263,3,421
"ndeaa.jpl.nasa.gov",75,8,1,14
"dnrmaps.wi.gov",75,262,9,1270
"docs.oasis-open.org",75,991,24,4786
"www.aviationweather.gov",75,1196,2,8971
"www.museum.lsu.edu",74,3,1,12
"www.upc.edu",74,888,14,7753
"opendata.krd.ru",74,85,1,934
"data.kingcounty.gov",74,2010,21,54102
"www2.latech.edu",74,17,1,357
"www.granit.sr.unh.edu",74,1592,1046,1891
"www.math.tamu.edu",73,2246,4,6858
"ftp.linux.ncsu.edu",73,701,22,23659
"www.cs.unm.edu",73,3978,69,68161
"home.nwciowa.edu",72,6,1,12
"gcmd.nasa.gov",71,198,119,4946
"ahps.erh.noaa.gov",71,8089,28,11812
"spaces.ais.ucla.edu",71,28,28,28
"ir.uiowa.edu",71,468,5,6010
"www.westga.edu",71,11,1,222
"airbornescience.nsstc.nasa.gov",70,1372,12,18099
"ccrma.stanford.edu",70,90,15,293
"geodata.npolar.no",69,101,4,412
"www.kishwaukeecollege.edu",69,9,1,12
"gis.ers.usda.gov",69,2988,2,6993
"www.morgan.edu",68,3483,26,47961
"msds.npoess.noaa.gov",68,10473,9,20971
"datacatalog.cookcountyil.gov",68,1745,24,21138
"trustmark.gtri.gatech.edu",68,2140,419,7151
"arcgis.sd.gov",68,712,10,6992
"data.baltimorecity.gov",68,3585,31,27825
"install.linux.ncsu.edu",68,61,21,158
"www.loc.gov",68,2611,80,40435
"www.seis.utah.edu",68,6380,5,31896
"www.ucs.cam.ac.uk",67,24,20,25
"www.ndsu.edu",67,18,1,368
"data.maryland.gov",67,1300,21,16153
"egis.hud.gov",67,2365,10,6378
"data.seattle.gov",66,5548,31,41176
"kygisserver.ky.gov",66,158,10,794
"www.aoncadis.org",66,349,71,992
"arcticlcc.org",66,1025,523,4911
"www.eol.ucar.edu",66,57,2,732
"services.iula.upf.edu",65,1686,24,1718
"alerts.weather.gov",65,267,27,744
"users.ipfw.edu",65,8,1,12
"www.cteco.uconn.edu",65,2518,526,14120
"vtechworks.lib.vt.edu",64,2042,13,7855
"www.phys.utk.edu",64,8,2,145
"www.wright.edu",64,8,1,12
"profiles.nlm.nih.gov.libproxy.lib.unc.edu",64,148,19,917
"gis.srh.noaa.gov",64,1802,6,6992
"osmc.noaa.gov",64,2886,106,34381
"verif.rap.ucar.edu",63,413,2,9723
"iatistandard.org",63,786,13,11162
"collection.britishart.yale.edu",63,203,19,900
"marine.rutgers.edu",63,155,2,682
"data.bris.ac.uk",63,354,14,8224
"cdpp.eu",63,138,53,263
"cteco.uconn.edu",63,2305,768,6560
"lter.kbs.msu.edu",63,1025,192,3622
"physics.uwyo.edu",63,216,63,721
"data.angers.fr",62,234,53,4471
"eunis.eea.europa.eu",62,134,56,398
"www.avoindata.fi",62,246,47,6025
"maps.edc.uri.edu",62,424,61,7009
"atlas.geog.pdx.edu",61,1217,4,6993
"profiles.umassmed.edu",61,680,17,4555
"oai.datacite.org",61,376,12,7430
"apps.who.int",61,2400,69,19867
"certmapper.cr.usgs.gov",61,274,11,1049
"accounts.ulster.ac.uk",61,418,16,998
"www.bmrb.wisc.edu",61,4963,4,25319
"sealevel.colorado.edu",61,268,36,1339
"cstar.cestm.albany.edu",60,42,1,170
"www.prh.noaa.gov",60,866,78,1365
"raster.nationalmap.gov",60,2583,10,6992
"www.srs.fs.usda.gov",60,689,172,5052
"catalogue.datalocale.fr",59,5913,12,41914
"bcaws.aviationweather.gov",59,1106,2,14077
"ftp.sunet.se",59,34,12,59
"xml2rfc.tools.ietf.org",59,810,11,8899
"www.uta.edu",59,97,1,5213
"photo.byui.edu",59,8,6,12
"data.nanoos.org",59,992,9,2840
"quechua.ucla.edu",59,11731,920,25480
"www.plymouth.edu",59,22,22,22
"www.dlese.org",59,1054,10,15313
"www.cpp.edu",58,8,1,90
"faculty.salisbury.edu",58,9,1,40
"ceprofs.tamu.edu",58,20,2,193
"www.wipo.int",58,2986,13,18420
"www.ecb.europa.eu",58,6908,38,17568
"www.public.iastate.edu",58,53,1,1318
"www.cs.duke.edu",58,14,2,74
"scholarspace.manoa.hawaii.edu",57,1472,11,12186
"scholarsbank.uoregon.edu",57,269,10,832
"www.geostor.arkansas.gov",57,321,14,6993
"ptolemy.eecs.berkeley.edu",57,1785,44,12718
"www.tapir.caltech.edu",57,772,38,5612
"opendap.co-ops.nos.noaa.gov",57,213,1,5643
"web.cecs.pdx.edu",57,14,1,253
"imbrium.mit.edu",57,7,6,25
"apst.stsci.edu",57,4421,2,13914
"edcftp.cr.usgs.gov",56,213,12,1365
"asim.csail.mit.edu",56,1815,38,14466
"www.sec.gov",56,5512,26,36774
"crdl.usg.edu",56,219,112,550
"mirror.inode.at",56,7642,11,52780
"tools.ietf.org",56,4620,20,12437
"www.d.umn.edu",55,1173,2,14165
"omeka.colorado.edu",55,186,38,350
"publicdatasets.data.npolar.no",55,106,3,1009
"www.ling.helsinki.fi",55,598,374,805
"www.flloc.soton.ac.uk",55,856,373,1169
"lecomarquage.service-public.fr",55,659,73,1685
"www.med.unc.edu",54,213,6,839
"demo.ckan.org",54,102,5,311
"www.erh.noaa.gov",54,1433,2,11531
"www.geotraces.org",54,47,45,51
"tutorials.ischool.utexas.edu",54,48,37,199
"msdisweb.missouri.edu",54,2652,19,7007
"issue.d4science.research-infrastructures.eu",54,267,4,4444
"settlement.arc.nasa.gov",53,4,2,10
"www.etsu.edu",53,235,2,652
"www.cob.sjsu.edu",53,7,2,20
"ori.edina.ac.uk",53,1074,39,21849
"www502.regione.toscana.it",53,40,16,58
"photos.msu.edu",53,9,8,9
"lasp.colorado.edu",53,280,40,313
"fragis.fra.dot.gov",53,2308,10,6993
"cvs.bio.unc.edu",52,,,
"www.webapps.nwfsc.noaa.gov",52,2510,10,6993
"www.datanucleus.org",52,87,3,2218
"waterresources.rajasthan.gov.in",52,64,4,81
"c3grid1.dkrz.de",52,2761,502,6090
"mospace.umsystem.edu",52,1240,11,6527
"luq2.lternet.edu",52,3912,2029,12818
"infra.clarin.eu",51,1286,2,56354
"entoweb.okstate.edu",51,8,8,8
"data.honolulu.gov",51,3146,3,12419
"ws04.iula.upf.edu",51,928,274,1718
"pds.jpl.nasa.gov",51,2022,13,8822
"geonetwork4.fao.org",51,47,34,292
"data.somervillema.gov",51,2594,2,19736
"district.bluegrass.kctcs.edu",50,8,3,12
"bmrb.wisc.edu",50,4635,55,24768
"sa.wustl.edu",50,,,
"data.wien.gv.at",50,2110,8,23708
"gitlab.flux.utah.edu",50,186,1,685
"www.stat.go.jp",50,,,
"www.ceos.org",50,39,35,39
"demo.mapserver.org",50,41,2,246
"www.trinity.edu",50,122,2,548
"www.hawaii.edu",50,13,1,212
"gar.lternet.edu",50,1713,698,3983
"ebtc.eu",50,36,33,39
"moimagery.missouri.edu",50,1903,70,6992
"web.missouri.edu",49,9,2,56
"gateway.golabz.eu",49,364,231,508
"data.hartford.gov",49,4301,27,27254
"www2.ic.edu",49,52,4,274
"www-s.ks.uiuc.edu",49,114,19,619
"www.umkc.edu",49,4,4,4
"variations2.indiana.edu",49,303,56,1418
"www.stat.ufl.edu",49,10,1,80
"new.aviationweather.gov",49,1470,2,13192
"www.maris.state.ms.us",49,161,2,423
"ccrc.tc.columbia.edu",48,56,55,59
"geoportal.utc.edu",48,1159,3,6333
"www.regione.liguria.it",48,481,9,15579
"data.illinois.gov",48,3931,27,27899
"www.opc.ncep.noaa.gov",48,140,4,1138
"facultad.bayamon.inter.edu",48,8,1,30
"web.mta.info",47,339,2,676
"insideidaho.org",47,1894,342,7596
"opendata.tatar.ru",47,72,7,186
"www.oregongeology.org",47,764,10,6992
"trac.openxdata.org",47,886,3,13066
"www.opendata.larochelle.fr",47,2667,9,25488
"converters.eionet.europa.eu",47,1644,3,28835
"ceprofs.civil.tamu.edu",47,19,2,193
"85.18.173.117",47,3580,2,61567
"srsor.ssec.wisc.edu",47,1,1,2
"data.ulm.de",47,395,337,513
"www.idaholidar.org",47,5222,563,18780
"capita.wustl.edu",47,264,2,2096
"www.ub.edu",47,5357,2,34677
"dati.inail.it",47,2189,7,19831
"math.hws.edu",47,5,1,12
"www.indiana.edu",47,69,1,1467
"data.montgomerycountymd.gov",47,2591,22,29724
"alaska.usgs.gov",46,551,192,4773
"www.oneonta.edu",46,8,1,36
"koroibot-motion-database.humanoids.kit.edu",46,9470,25,20138
"cfb.unh.edu",46,8,4,12
"www.uthsc.edu",46,199,38,338
"api.echo.nasa.gov",46,1170,47,4529
"nautarch.tamu.edu",46,55,1,400
"rsg.pml.ac.uk",46,1399,2,11081
"openknowledge.worldbank.org",46,497,174,838
"firstmap.gis.delaware.gov",45,2366,10,6993
"ec.europa.eu",45,9548,32,61301
"floss.syr.edu",45,364,32,10083
"www.scar.org",45,52,35,56
"data.noe.gv.at",45,141,82,234
"www.math.lsu.edu",45,214,1,1611
"www.lidata.eu",45,3104,13,21830
"www.crowder.edu",45,92,7,1337
"mama.csad.ox.ac.uk",45,273,146,634
"swat.cse.lehigh.edu",45,411,45,9156
"fac-web.spsu.edu",44,41,1,1402
"www.nrel.gov",44,1579,5,6601
"pds.nasa.gov",44,2257,13,8949
"udct-data.aigid.jp",44,338,4,1522
"www.unthsc.edu",44,1241,15,7145
"archiveshub.ac.uk",44,1412,13,13596
"clear3.uconn.edu",44,734,26,6992
"mapserver.kansasgis.org",44,769,10,6992
"www.geosci-instrum-method-data-syst.net",44,1870,428,7245
"africaopendata.org",44,102,31,349
"bir.brandeis.edu",44,3786,14,22347
"dot.ca.gov",44,930,450,1474
"www.epa.gov",44,1597,3,8793
"www.rci.rutgers.edu",44,23,2,417
"www.ceint.duke.edu",43,225,46,460
"2014.accreditation.ncsu.edu",43,139,3,1054
"services.nationalmap.gov",43,1230,9,6991
"redwood.colorado.edu",43,191,4,702
"gis.drcog.org",43,38,8,462
"employees.oneonta.edu",43,21,1,273
"www.srh.noaa.gov",43,123,1,704
"www.osuokc.edu",43,9,1,12
"faculty.frostburg.edu",43,136,7,410
"www.csc.noaa.gov",43,156,7,796
"data.wa.gov",43,5798,26,85649
"www.royalholloway.ac.uk",43,618,120,4254
"www.lib.udel.edu",42,1004,319,6679
"projects.nceas.ucsb.edu",42,270,2,4796
"data.theeuropeanlibrary.org",42,30,30,30
"satepsanone.nesdis.noaa.gov",42,4745,169,16703
"www.cosac.eu",42,84,18,650
"ketai.aa.uic.edu",42,2677,29,17005
"hcc.edu",42,446,9,11828
"www.mysmu.edu",42,8,1,12
"webgis.wr.usgs.gov",42,3,2,4
"ftp.bmrb.wisc.edu",42,4417,55,22176
"cactus.eas.asu.edu",42,8,3,12
"vn.grnoc.iu.edu",41,1739,10,14612
"miles-gis-sandbox.northwestknowledge.net",41,180,7,591
"sero.nmfs.noaa.gov",41,1030,367,2707
"collections.nlm.nih.gov",41,516,6,705
"www.ecse.rpi.edu",41,8,2,38
"www.datanorthyorkshire.org",41,1833,35,27184
"www.nyu.edu",41,253,4,1741
"www.utsa.edu",41,7,1,46
"dataserver3.nccs.nasa.gov",41,125,114,134
"map.sdsu.edu",41,540,20,1061
"maps.indiana.edu",41,2741,1079,6112
"www.cs.cornell.edu",41,48,2,294
"www.york.cuny.edu",41,230,17,825
"data.amsterdamopendata.nl",41,144,64,448
"www.quake.utah.edu",41,6842,177,31401
"lar.archdesign.vt.edu",40,92,39,1694
"www.opendata.go.ke",40,341,31,1554
"open.uct.ac.za",40,3877,21,21783
"gisservice.mt.gov",40,302,2,1931
"upcommons.upc.edu",40,856,25,8154
"status.fsf.org",40,1684,33,5289
"ifp-08.ifp.uiuc.edu",40,7110,397,21598
"data.arcticatlas.org",40,320,9,2363
"gistmaps.itos.uga.edu",40,492,4,6993
"image.data.cma.gov.cn",40,15,3,69
"standaarden.overheid.nl",40,182,3,1734
"seznam.gov.cz",40,124,13,430
"www.ukoln.ac.uk",40,227,86,462
"data.gios.asu.edu",39,1374,416,5335
"www.mesonet.ttu.edu",39,5,4,12
"www.oclc.org",39,91,2,371
"www.artic.edu",39,71,71,71
"monitor.statnipokladna.cz",39,5446,4,29471
"www.csun.edu",39,100,2,354
"geodacenter.asu.edu",39,199,33,375
"cghub.ucsc.edu",39,948,61,5482
"www.extreme.indiana.edu",39,66,2,375
"faculty.nps.edu",38,12,1,42
"publicdata.eu",38,200,30,1180
"bnrc.berkeley.edu",38,39,38,40
"data.satapps.org",38,674,284,947
"www.comet.ucar.edu",38,349,5,1132
"www.albany.edu",38,573,1,5013
"noise.discomap.eea.europa.eu",38,705,72,7010
"web.mit.edu",38,118,1,2467
"fwf.ag.utk.edu",38,8,1,12
"www.stoa.org",38,773,81,5311
"fermi.gsfc.nasa.gov",38,137,4,3275
"starbrite.jpl.nasa.gov",38,2083,13,8822
"mirror.lug.udel.edu",37,2036,5,7580
"www.miracosta.edu",37,12,2,136
"swehb.nasa.gov",37,50,1,104
"onlineqda.hud.ac.uk",37,11,9,11
"clio.columbia.edu",37,20,13,41
"www.pizan.lib.ed.ac.uk",37,8133,86,32051
"faculty.smcm.edu",37,4,1,12
"www.yale.edu",37,8,2,30
"data.hpa.gov.tw",36,101,10,175
"socialjustice.ccnmtl.columbia.edu",36,52,44,73
"www.ssec.wisc.edu",36,52,4,203
"www.engr.ucr.edu",36,8,2,12
"andrewsforest.oregonstate.edu",36,23,2,221
"www.sonoma.edu",36,46,2,1227
"www.ece.ucsb.edu",36,11,3,53
"www.stsci.edu",36,352,4,756
"www.pitt.edu",36,167,1,5449
"pubchem.ncbi.nlm.nih.gov",36,250,7,2570
"afrolib.afro.who.int",36,8,4,29
"www.cameron.edu",36,417,2,6665
"bio.discomap.eea.europa.eu",36,1956,131,7010
"www.ucl.ac.uk",36,949,9,4530
"yuekuo.tamu.edu",36,13,4,92
"homepages.rpi.edu",35,98,1,2017
"www.cs.virginia.edu",35,314,4,1948
"community.mis.temple.edu",35,22,22,22
"ppi.pds.nasa.gov",35,321,101,567
"web.stanford.edu",35,17,1,220
"data.lab.fiware.org",35,456,1,4615
"weather.msfc.nasa.gov",35,12,2,282
"gisdata.nrri.umn.edu",35,542,3,1730
"www-diva.eng.cam.ac.uk",35,23,18,23
"datainfoplus.stats.govt.nz",35,860,35,2400
"sce.uhcl.edu",35,8,4,12
"www.orphadata.org",35,10055,395,28532
"www.antarctica.ac.uk",34,12,12,12
"programs.iowadnr.gov",34,1097,10,6992
"www.rbsp-ect.lanl.gov",34,4127,218,17703
"www.geo.mtu.edu",34,47,1,392
"ocw.usu.edu",34,167,7,348
"pds-smallbodies.astro.umd.edu",34,311,42,1435
"www.nhc.noaa.gov",34,312,78,670
"gsics.eumetsat.int",34,690,115,2848
"datastore.unm.edu",34,563,6,5837
"www.fao.org",34,553,49,3574
"pacioos-mapserver2.ancl.hawaii.edu",34,1064,35,1671
"comp.uark.edu",33,87,4,381
"astro.uchicago.edu",33,108,25,258
"www.milligan.edu",33,133,12,1243
"www.vanderbilt.edu",33,267,2,894
"www.physics.rutgers.edu",33,13,1,162
"oiswww.eumetsat.int",33,541,476,607
"data.oregon.gov",33,5689,31,16856
"www.mrg.upf.edu",33,267,45,483
"www.wou.edu",33,301,4,5209
"www.unc.edu",33,34,1,885
"www.colorado.edu",33,16,2,109
"www.ssa.gov",33,280,9,411
"gis2.metc.state.mn.us",33,389,19,6994
"odin.jrc.ec.europa.eu",33,139,50,382
"www.ioos.noaa.gov",33,993,40,4355
"maps.arvada.org",33,1061,18,6992
"www.faculty.ucr.edu",33,3,1,12
"www.tsbvi.edu",32,52,50,53
"tempest.das.ucdavis.edu",32,11,4,40
"mmi.oregonstate.edu",32,97,34,440
"myweb.rollins.edu",32,4,2,10
"www.dcc.vccs.edu",32,9,3,12
"web.vtc.edu",32,494,2,4610
"gitlab.tubit.tu-berlin.de",32,24,2,77
"www.slac.stanford.edu",32,221,1,4532
"gisweb.unr.edu",32,99,10,738
"www.echo.nasa.gov",32,382,1,4908
"blue.utb.edu",32,4,4,6
"www.stat.lsu.edu",32,8,1,12
"www.pacificsciencecenter.org",32,56,55,56
"gisinfo.co.walworth.wi.us",32,1496,9,6994
"www.utm.edu",32,8,1,32
"statweb.calpoly.edu",32,9,4,40
"nicholas.duke.edu",32,7,2,12
"www.rose-hulman.edu",32,137,2,1923
"www.spase-group.org",32,18711,5,36373
"www.tdx.cat",32,981,170,2046
"faculty.olympic.edu",32,8,1,12
"discnrt1.gesdisc.eosdis.nasa.gov",31,33,17,88
"map.gsa.state.al.us",31,1711,9,7010
"www2.keck.hawaii.edu",31,8,4,12
"webgis.uwm.edu",31,113,5,419
"academic.regis.edu",31,169,28,390
"service.iris.edu",31,1693,30,19940
"origin.opc.ncep.noaa.gov",31,74,4,532
"www.cisn.org",31,1131,3,2226
"www.umsl.edu",31,17,2,308
"www.marine-geo.org",31,648,11,3258
"espanol.ninds.nih.gov.libproxy.lib.unc.edu",31,3335,19,12796
"www.languagesciences.cam.ac.uk",31,20,18,20
"data.ny.gov",31,3288,26,14625
"data.loire-atlantique.fr",31,949,5,7012
"gatton.uky.edu",31,8,4,14
"myspace.aamu.edu",30,10,1,52
"validator.openmobilealliance.org",30,444,117,1941
"modwebsrv.modaps.eosdis.nasa.gov",30,758,1,7027
"svn.apache.org",30,124,1,1095
"pages.towson.edu",30,25,2,473
"pie-lter.ecosystems.mbl.edu",30,1655,135,2918
"findingaids.folger.edu",30,10932,1101,42779
"fac.hsu.edu",30,87,4,321
"data.a2gov.org",30,1673,286,15827
"maps.york.gov.uk",30,469,10,6992
"www.cs.purdue.edu",30,13,1,48
"www.bco-dmo.org",30,844,318,4931
"www.gwu.edu",30,8,2,26
"www.ei.lehigh.edu",30,137,20,527
"www2.ca.uky.edu",30,92,1,562
"business.baylor.edu",30,7,1,12
"www.sofia.usgs.gov",30,1472,659,6267
"aura.abdn.ac.uk",30,2636,15,24858
"ch.ucpress.edu",30,36,30,56
"mynasadata.larc.nasa.gov",30,71,22,414
"math.sfsu.edu",30,8,3,12
"www.unidata.ucar.edu",30,303,2,1696
"abfm.ksc.nasa.gov",29,9,7,9
"www.admiralty.co.uk",29,357,297,369
"www.columbia.edu",29,7,1,30
"dc-mrg.english.ucsb.edu",29,115,44,234
"www.duc.auburn.edu",29,2077,804,4997
"php.indiana.edu",29,10,3,38
"grads.iges.org",29,8,2,28
"www.gsc-europa.eu",29,26,23,30
"irows.ucr.edu",29,20,1,194
"www.fishbase.org",29,1005,7,6806
"data.brla.gov",29,4220,25,25881
"www.uprm.edu",29,29,2,225
"ota.ox.ac.uk",29,15875,17,113988
"scholarworks.iupui.edu",29,463,17,1697
"data.nantes.fr",29,163,7,496
"sflwww.er.usgs.gov",29,1611,643,6267
"cci.drexel.edu",29,35,4,275
"volcanoes.usgs.gov",28,88,11,396
"www.mouseatlas.org",28,17,16,21
"ei.cornell.edu",28,5,4,16
"files.datapress.io",28,1601,46,21966
"www.uwosh.edu",28,611,1,11322
"www.bme.unc.edu",28,61,59,61
"www.psychol.cam.ac.uk",28,19,17,19
"nefsc.noaa.gov",28,2,2,2
"web.cs.wpi.edu",28,87,1,448
"www.nauticalcharts.noaa.gov",28,477,5,4990
"gis.ngdc.noaa.gov",28,806,11,7009
"dlynx.rhodes.edu",28,209,10,876
"www.seis.sc.edu",28,14,1,28
"www.haverford.edu",28,169,1,1973
"yum.stratuslab.eu",28,24,21,42
"tpwd.texas.gov",28,206,19,807
"test.discomap.eea.europa.eu",28,273,2,774
"vmr.bham.ac.uk",28,2716,172,8704
"rusc.uoc.edu",28,4894,17,62179
"pigeon.psy.tufts.edu",28,129,16,272
"jclass.umd.edu",28,8,4,12
"redmine.confine-project.eu",28,203,1,2133
"archiv.ub.uni-marburg.de",28,5334,24,47466
"gis.cdatribe-nsn.gov",28,1422,10,7008
"faculty.ucr.edu",28,76,1,205
"jdisc.columbia.edu",27,110,45,298
"www.teleurope.eu",27,1153,30,11001
"flyingv.ucsd.edu",27,2,2,4
"ranger.uta.edu",27,111,4,342
"collab.sam.pitt.edu",27,28,28,28
"www.math.rutgers.edu",27,401,1,1463
"www.salisbury.edu",27,22,2,180
"www.insideidaho.org",27,1806,342,4517
"www.willamette.edu",27,4,1,22
"ava.jpl.nasa.gov",27,4,4,6
"gis.fws.gov",27,2435,10,6992
"www.cs.unc.edu",27,10,2,95
"nepp.nasa.gov",27,8,3,12
"www.evl.uic.edu",27,29,1,673
"profiles.med.tufts.edu",27,334,19,2021
"legacy.jefferson.kctcs.edu",27,8,1,12
"www1.american.edu",27,25,2,164
"web.eng.fiu.edu",27,11,4,30
"www.opendata.provincia.roma.it",27,5906,12,24631
"umaine.edu",27,22,22,22
"basemap.nationalmap.gov",26,1034,40,6991
"krex.k-state.edu",26,473,12,1409
"www.maricopa.edu",26,8,3,12
"idhmc.tamu.edu",26,2150,335,8689
"armstrong.osc.edu",26,2065,4,10724
"soilcarboncenter.k-state.edu",26,2,1,6
"eosval.cr.usgs.gov",26,127,62,133
"www.europarl.europa.eu",26,4246,196,48064
"datatank.stad.gent",26,1250,4,2491
"www.isle.illinois.edu",26,1012,890,1072
"tropicaldatahub.org",26,543,319,1114
"www.nato.int",26,162,44,510
"www.emouseatlas.org",26,6365,16,21518
"www.mc.vanderbilt.edu",26,713,64,5313
"www.austincc.edu",26,11,1,43
"www.ischool.drexel.edu",26,8,4,12
"dspace.sunyconnect.suny.edu",26,271,8,1471
"www.math.unt.edu",26,8,1,12
"wis.wmo.int",26,499,194,3343
"www.cs.rutgers.edu",26,52,1,216
"www.cs.toronto.edu",26,744,4,14231
"www.ciis.edu",26,87,69,103
"mountainmeadows.unl.edu",26,3717,212,13909
"metadata.lumcon.edu",26,3174,126,6807
"dspace.mit.edu",26,630,11,1368
"www.envirobase.usgs.gov",25,1022,857,1666
"socwork.wisc.edu",25,109,37,373
"www.earth-time.org",25,225,16,1248
"www.engr.colostate.edu",25,11,1,36
"cseweb.ucsd.edu",25,76,2,410
"www.cs.scranton.edu",25,8,3,12
"129.138.12.30",25,1512,10,7005
"www.pewresearch.org",25,285,23,1576
"api.census.gov",25,13170,55,47252
"physics.valpo.edu",25,181,55,254
"datapoint.metoffice.gov.uk",25,402,335,511
"data.n-somerset.gov.uk",25,3027,5,21207
"www.rit.edu",25,241,4,3163
"www4.nau.edu",25,100,6,146
"jtsa.edu",25,40,10,351
"observer.gsfc.nasa.gov",25,658,595,732
"www.globalfood.cam.ac.uk",25,25,23,25
"data.linkedopendata.jp",25,206,16,1951
"theatre.arizona.edu",25,54,7,359
"www.ce.utexas.edu",25,10,1,86
"mango.ctegd.uga.edu",25,555,256,1262
"static.data.gouv.fr",25,3337,312,21400
"www.zoo.cam.ac.uk",25,21,16,22
"www.nlm.nih.gov.libproxy.lib.unc.edu",25,2151,8,44602
"www.cc.gatech.edu",24,9,2,22
"volcano.si.edu",24,134,79,176
"zakon.openrepublic.ru",24,64,3,123
"gis.charttools.noaa.gov",24,1400,13,7009
"www.chicagobooth.edu",24,195,109,242
"catalog.arizona.edu",24,4,4,4
"data.mo.gov",24,2003,31,15360
"cdaweb.gsfc.nasa.gov",24,448,21,6619
"euskadi.eus",24,11634,275,34872
"www.brightknowledge.org",24,1274,536,1611
"giannini.ucop.edu",24,10893,3921,22177
"www.ruf.rice.edu",24,15,1,112
"bcpw.bg.pw.edu.pl",24,476,6,2912
"www.polardata.ca",24,416,15,1009
"mw2.concord.org",24,44,43,44
"www.orgs.miamioh.edu",24,1842,596,5894
"www.earth-syst-sci-data-discuss.net",24,4322,839,13064
"sev.lternet.edu",24,392,56,3341
"community.dur.ac.uk",24,76,4,1609
"www.hist.cam.ac.uk",24,20,16,22
"www.uprh.edu",24,7,2,58
"www.phy.cam.ac.uk",24,19,17,22
"map.demac.udel.edu",24,1374,250,3164
"resource.sgu.se",24,702,252,1513
"www2.econ.iastate.edu",24,20,1,207
"data.yorkopendata.org",23,48,20,132
"elpo.stat.gov.rs",23,5217,239,46363
"galileoandeinstein.physics.virginia.edu",23,16,1,84
"disc.sci.gsfc.nasa.gov",23,833,134,1342
"www.reagan.utexas.edu",23,5,2,12
"pdic.tamu.edu",23,136,30,247
"www.uww.edu",23,51,22,202
"www.image.ucar.edu",23,265,130,474
"www.k-state.edu",23,314,4,1266
"www.cpsc.gov",23,2900,214,13878
"sos.noaa.gov",23,345,18,2342
"www.spc.int",23,6709,2,26461
"repository.ibss.org.ua",23,1170,26,12775
"scholarworks.iu.edu",23,357,8,1626
"arep.med.harvard.edu",23,14,2,118
"www.eas.uccs.edu",23,8,1,12
"research.eeescience.utoledo.edu",23,12,2,87
"hume.ucdavis.edu",23,131,40,256
"www.ncsu.edu",23,70,2,230
"ccat.sas.upenn.edu",23,8,4,12
"goabroad.umflint.edu",23,25,25,25
"hea-www.cfa.harvard.edu",23,36,2,131
"www.imsproject.org",23,604,121,3350
"www.sos.noaa.gov",23,345,18,2342
"www.unm.edu",23,9,1,68
"www.umiacs.umd.edu",23,82,2,1265
"www.neon.cornell.edu",23,206,74,414
"www.ronank12.edu",23,9,3,12
"jwilson.coe.uga.edu",23,12,1,58
"aberto.univem.edu.br",23,708,21,5503
"faculty.tcc.edu",23,8,4,12
"gisdata.mn.gov",23,298,82,500
"oregonstate.edu",23,59,3,117
"pubchem.ncbi.nlm.nih.gov.libproxy.lib.unc.edu",23,1433,11,14674
"www.math.wisc.edu",23,9,1,55
"webserver.lemoyne.edu",23,7,3,12
"ngdc.noaa.gov",23,353,5,1254
"www.cs.utexas.edu",23,1226,2,10977
"faculty.sunydutchess.edu",23,7,3,12
"schema.datacite.org",23,239,37,758
"it.dss.ucdavis.edu",23,19,19,19
"svs.gsfc.nasa.gov",23,146,71,239
"data.daff.gov.au",23,2578,1211,5911
"www.gipuzkoairekia.eus",23,168,86,645
"www.cesm.ucar.edu",23,178,76,449
"users.ece.gatech.edu",23,13,1,60
"www.ohr.wisc.edu",22,6,1,12
"www.wcupa.edu",22,19,6,20
"www.cems.uvm.edu",22,113,1,252
"data.code4sa.org",22,1428,31,10174
"redbuttecreek.utah.edu",22,1114,18,4165
"www.umich.edu",22,10,2,26
"www.youtube.com",22,20,15,32
"mygeohub.org",22,32,30,37
"www.african.cam.ac.uk",22,23,23,23
"geo.data.linz.gv.at",22,1928,134,6995
"www.engr.psu.edu",22,112,4,336
"tnmap.tn.gov",22,219,40,850
"webspace.ship.edu",22,9,1,55
"cips.colorado.edu",22,7468,1687,21712
"www.econ.yale.edu",22,8,2,12
"csc.noaa.gov",22,94,10,817
"www.jic.ac.uk",22,9,4,12
"trec.nist.gov",22,2188,121,4578
"dataforjapan.org",22,225,16,1948
"www.udel.edu",22,16,2,170
"hdsc.nws.noaa.gov",22,1139,919,2092
"wildfire.cr.usgs.gov",22,1440,15,6992
"smartech.gatech.edu",22,1016,24,2949
"faculty.nwacc.edu",22,4,2,6
"www.co.teton.id.us",22,73,10,239
"www.openaccessrepository.it",22,167,35,194
"inst.eecs.berkeley.edu",22,186,4,1419
"www.northeastern.edu",22,105,90,130
"www.otc.edu",22,9,6,12
"www.streamnet.org",22,1476,340,3692
"nursingapps.nursing.vanderbilt.edu",21,7,1,12
"www.tei-c.org",21,287,23,1022
"www.lsc-group.phys.uwm.edu",21,2847,4,30154
"www.ldeo.columbia.edu",21,35,2,482
"www.dlib.indiana.edu",21,3718,89,20159
"catalyst.library.jhu.edu",21,434,15,2460
"pages.pomona.edu",21,8,2,12
"as.ucpress.edu",21,78,34,114
"www.ece.lsu.edu",21,188,4,336
"www.publicacions.ub.edu",21,45,1,263
"alpha.math.uga.edu",21,2,1,4
"users.ox.ac.uk",21,7,2,12
"www.owlnet.rice.edu",21,86,2,1218
"geb.uni-giessen.de",21,7299,34,88938
"www.lehigh.edu",21,31,4,40
"web.lemoyne.edu",21,11,2,77
"www.sams.ac.uk",21,449,180,662
"soddev.umkc.edu",21,148,54,504
"www.bae.uky.edu",21,170,2,321
"www.pierce.ctc.edu",21,4,2,12
"data.gov.sk",21,110,46,303
"ecosystemdata.ices.dk",21,653,14,2008
"www.arch.cam.ac.uk",21,19,16,22
"serc.fiu.edu",21,9,4,12
"nrli.ifas.ufl.edu",21,182,62,557
"www.federalregister.gov",21,1739,283,4211
"web.pdx.edu",21,12,1,50
"www.mpsr.sk",21,10313,35,110845
"iupac.pole-ether.fr",21,1367,577,2352
"www.tc.umn.edu",21,9,2,40
"spatialreference.org",21,23,10,34
"xbrl.sec.gov",20,1447,34,5520
"www.cs.uaf.edu",20,111,1,376
"ww2.chemistry.gatech.edu",20,60,4,105
"www.u.arizona.edu",20,10,2,46
"www.econ.ucdavis.edu",20,7,1,12
"fhdo.opus.hbz-nrw.de",20,85,27,583
"gis.hawaii.gov",20,26,10,322
"www.uwgb.edu",20,7,2,12
"ww2.sccsc.edu",20,6,5,8
"arno.uvt.nl",20,8497,26,31105
"www.divinity.cam.ac.uk",20,22,22,22
"maps.devotes.eu",20,291,21,569
"eerscmap.usgs.gov",20,312,58,809
"www.ecs.umass.edu",20,15,1,98
"pcrafi.spc.int",20,644,21,2008
"gorilla.ites.upr.edu",20,3302,2093,5365
"www2.bakersfieldcollege.edu",20,5,4,8
"www.cee.mtu.edu",20,18,2,108
"apply.learningabroad.utah.edu",20,27,27,27
"www.nhtsa.gov",20,210,3,1181
"www.phar.cam.ac.uk",20,20,17,22
"www.physics.purdue.edu",20,225,2,358
"www.geocommunicator.gov",20,2388,6,6377
"daviz.eionet.europa.eu",20,3901,13,34411
"sbl.web.arizona.edu",20,9,4,14
"www.infectiousdisease.cam.ac.uk",20,166,23,806
"www.niaid.nih.gov",20,947,789,1032
"mtweb.mtsu.edu",20,9,3,12
"www.nacme.org",20,35,34,37
"umbs.lsa.umich.edu",20,631,100,1419
"variety.wsu.edu",20,2,2,2
"www.cpcpara.ncep.noaa.gov",20,1536,11,13713
"www.csc.ncsu.edu",19,30,2,67
"www.byui.edu",19,302,15,2484
"ag.purdue.edu",19,721,487,855
"gee.cs.oswego.edu",19,2072,774,2273
"www.unicode.org",19,1303,2,2951
"data.kk.dk",19,113,46,240
"www.uwyo.edu",19,9,2,26
"data.ottawa.ca",19,467,19,6067
"services.geog.ksu.edu",19,568,42,6993
"scidok.sulb.uni-saarland.de",19,1367,27,9780
"bura.brunel.ac.uk",19,7703,1071,30014
"webservices.genouest.org",19,1353,994,2094
"webshares.northseattle.edu",19,8,2,12
"maps.norfolk.gov.uk",19,278,244,320
"www.nefsc.noaa.gov",19,229,2,3774
"echo.nasa.gov",19,689,1,4902
"faculty.maxwell.syr.edu",19,26,2,215
"citsci.syr.edu",19,131,43,253
"www.monroeccc.edu",19,2,2,2
"jogamp.org",19,57,46,75
"naip.giscenter.isu.edu",19,2440,22,7009
"neptune.nceas.ucsb.edu",19,820,555,1053
"datatank.gent.be",19,1145,9,9617
"efh-viewer.coas.oregonstate.edu",19,159,10,666
"psydok.sulb.uni-saarland.de",19,2586,25,20949
"data.stategrowth.tas.gov.au",19,91,27,188
"www.andrew.cmu.edu",19,19,1,128
"il.water.usgs.gov",19,9,4,30
"www.geology.wisc.edu",19,1435,4,7657
"www.stellarnet.eu",19,51,49,51
"mavdisk.mnsu.edu",19,20,1,50
"iwmw.ukoln.ac.uk",19,812,22,3164
"www.psfc.mit.edu",19,11,8,18
"startstudioarts.si.edu",19,771,30,7937
"data.ordnancesurvey.co.uk",19,182,68,793
"www.icesi.edu.co",19,8613,26,38476
"collections.britishart.yale.edu",19,1381,15,4953
"www.ncstatecollege.edu",19,56,2,260
"www.ietf.org",19,975,63,9943
"astro.physics.uiowa.edu",19,69,2,261
"www.pages.drexel.edu",19,16,2,122
"mgs.geology.wmich.edu",19,900,54,6992
"faculty.gvsu.edu",19,11,4,20
"entnem.ifas.ufl.edu",19,6,2,12
"www.research.psu.edu",19,555,17,1063
"www.hks.harvard.edu",19,7,2,14
"www.nsi.bg",18,1873,1090,4500
"ngamaps.geointapps.org",18,1130,10,7008
"groups.csail.mit.edu",18,220,14,454
"www.ll.mit.edu",18,350,8,3230
"www.polis.cam.ac.uk",18,23,19,25
"vlsstats.ifsttar.fr",18,472,4,5132
"www-bcf.usc.edu",18,8,2,34
"co2.jpl.nasa.gov",18,47,28,261
"www2.fiu.edu",18,15,2,132
"opendatacanarias.es",18,6407,77,37230
"spiff.rit.edu",18,1501,1025,2241
"www.cs.berkeley.edu",18,6,2,12
"www.kcet.org",18,2358,317,4598
"www.eng.auburn.edu",18,7,1,12
"datastori.es",18,31,22,35
"gamescrafters.berkeley.edu",18,342,101,868
"www.salforddataquay.uk",18,230,157,317
"pypi.python.org",18,739,17,5583
"www.salford.gov.uk",18,1335,409,5783
"www.veritas-project.eu",18,1189,536,2602
"www.ics.uci.edu",18,7,1,12
"www.orgs.ttu.edu",18,2,1,6
"europa.eu",18,2238,151,3961
"www.bme.ncsu.edu",18,61,61,61
"www.efmd.org",18,53,51,55
"nws.noaa.gov",18,444,1,2474
"data.c3.uts.edu.au",18,354,30,4287
"www.senate.gov",18,2224,26,10265
"see-math.math.tamu.edu",18,2250,899,6960
"dbis.ipd.kit.edu",18,621,441,820
"fresca.calstate.edu",18,550,164,3673
"ega.crg.eu",18,85,23,144
"sdsu-dspace.calstate.edu",18,142,29,462
"ww2.harford.edu",18,4,1,12
"data.abuledu.org",18,136,64,164
"www.uni.edu",18,10,2,42
"www.cdc.gov",18,344,10,1261
"www.pdx.edu",18,13,7,26
"www.maths.dur.ac.uk",18,1182,929,1896
"verc.enes.org",18,497,20,5530
"web.calstatela.edu",18,9,2,18
"ptl.sys.virginia.edu",18,130,2,270
"home.uchicago.edu",18,4,2,12
"api-test.echo.nasa.gov",18,1147,434,3502
"ils.unc.edu",18,203,10,456
"www.stat.berkeley.edu",18,197,2,338
"repo.grid.iu.edu",18,46,43,50
"testbed.echo.nasa.gov",18,1127,366,3502
"www.ceb.cam.ac.uk",18,23,19,24
"www.unco.edu",17,8,4,12
"www1.umn.edu",17,9,2,14
"www.psychometrics.cam.ac.uk",17,19,17,23
"home.southernct.edu",17,22,4,238
"www.imagemagick.org",17,501,4,2707
"campus-sas.csulb.edu",17,29,8,62
"jupiter.plymouth.edu",17,8,2,15
"www.wmich.edu",17,29,2,223
"uwf.edu",17,85,3,293
"web.gccaz.edu",17,7,1,12
"www.voservices.net",17,832,37,2049
"mrujs.mtroyal.ca",17,3119,23,22208
"www.niso.org",17,671,93,2708
"www.purdue.edu",17,1166,4,11329
"faculty.clinton.edu",17,9,4,12
"www.ehib.org",17,1162,674,1650
"www.ima.umn.edu",17,300,114,714
"www.astro.phy.cam.ac.uk",17,19,18,24
"www.uark.edu",17,8,2,12
"digitalarchive.wm.edu",17,61,9,385
"services.salford.gov.uk",17,1151,14,7237
"corn2.agron.iastate.edu",17,70,4,184
"www.jtsa.edu",17,25,10,57
"myocse.skidmore.edu",17,,,
"falcon-help.csx.cam.ac.uk",17,24,24,24
"math.wvu.edu",17,10,4,14
"geoservices.tamu.edu",17,487,2,1834
"faculty.harford.edu",17,8,2,12
"www.wwu.edu",17,6,1,12
"polisci.usca.edu",17,10,4,30
"gis.apfo.usda.gov",17,2025,9,6993
"cola.gmu.edu",17,9,4,18
"www.immunology.cam.ac.uk",17,23,18,23
"ssa.esac.esa.int",17,3786,20,51143
"www.asahq.org",17,560,9,3214
"hubofdata.ru",17,430,15,4469
"depthome.sunysuffolk.edu",17,9,4,12
"nowcoast.noaa.gov",16,436,2,2527
"www.pompeiiinpictures.eu",16,3,3,7
"earthobservatory.nasa.gov",16,500,2,2441
"ingmec.ual.es",16,138,39,1264
"www.nps.edu",16,333,70,1236
"dance.illinois.edu",16,36,36,37
"cmgm.stanford.edu",16,5,2,12
"zero.eng.ucmerced.edu",16,154,10,264
"www.sas.upenn.edu",16,7,2,24
"www.mrl.ucsb.edu",16,65,4,163
"opendata.northumberland.gov.uk",16,4719,23,15822
"providence-nursing.jobs",16,1778,6,8979
"www.agr.gc.ca",16,1684,270,6990
"faculty.fuqua.duke.edu",16,8,3,12
"www.nmfs.noaa.gov",16,1401,105,5103
"cdsp.edu",16,66,65,66
"faculty.cua.edu",16,8,1,12
"www.ma.utexas.edu",16,435,2,5075
"eas.uccs.edu",16,7,1,12
"www.hostos.cuny.edu",16,9,4,12
"www-rohan.sdsu.edu",16,12,2,62
"iag1.webarchiv.kit.edu",16,1543,822,3653
"facweb.bhc.edu",16,93,2,269
"stats.oecd.org",16,85,9,199
"webs.wofford.edu",16,7,4,12
"yolandadata.org",16,252,102,460
"www.hcn.org",16,370,16,792
"dimacs.rutgers.edu",16,5,2,22
"wiki.brookes.ac.uk",16,31,26,36
"userpages.umbc.edu",16,16,2,56
"www.ituc-csi.org",16,83,27,129
"dati.toscana.it",16,2011,31,17742
"web.utk.edu",16,35,2,200
"morgan.wells.edu",16,7,1,12
"creativecommons.org",16,300,20,658
"dml.indiana.edu",16,251,133,736
"www2.ag.purdue.edu",16,774,487,870
"www.wiche.edu",16,369,102,642
"www.spc.noaa.gov",16,91,4,422
"www2.hawaii.edu",16,6,1,12
"www.palomar.edu",16,48,2,309
"www.nymc.edu",16,9,4,18
"fhdd.opus.hbz-nrw.de",16,1886,25,13655
"faculty.evansville.edu",16,8,4,12
"www.eecs.berkeley.edu",16,35,2,198
"www.isis.vanderbilt.edu",16,87,34,219
"landfire.cr.usgs.gov",16,660,592,676
"oceanwatch.pfeg.noaa.gov",16,721,140,2017
"geoportal-geoportail.gc.ca",16,1947,10,8880
"offenedaten.de",16,3091,31,28503
"ares.tamu.edu",16,257,43,684
"ankn.uaf.edu",16,13,2,23
"fcportal.nsstc.nasa.gov",16,658,82,1000
"academics.smcvt.edu",16,8964,4,61896
"www.state.nj.us",16,147,56,290
"ag-radar.umext.maine.edu",16,5,5,5
"www.gnu.org",15,2000,10,8846
"www.hsph.harvard.edu",15,5,2,12
"www.sws.uiuc.edu",15,229,8,485
"www.science.marshall.edu",15,8,1,28
"www.icsu.org",15,2184,15,6878
"dev.ites.upr.edu",15,3607,2239,6116
"eusoils.jrc.ec.europa.eu",15,3854,4,19510
"ethics.sandiego.edu",15,6,6,8
"www1.mof.go.jp",15,,,
"bioweb.uwlax.edu",15,9,2,59
"www.jyu.fi",15,216,16,2515
"gozips.uakron.edu",15,16,3,118
"ebola-data.un.org",15,184,92,278
"mice.iit.edu",15,7,1,12
"www.sc.edu",15,8,1,19
"www.cs.rit.edu",15,37,7,151
"imina.soest.hawaii.edu",15,8,4,12
"pine.nmrfam.wisc.edu",15,8,2,12
"www.medschool.lsuhsc.edu",15,60,4,236
"www.idtheftcenter.org",15,37,37,38
"www.geosci-instrum-method-data-syst-discuss.net",15,3392,694,6497
"mapservices.nrel.gov",15,15,8,34
"bugs.freedesktop.org",15,1720,76,15565
"wwwagwx.ca.uky.edu",15,333,330,379
"www.path.cam.ac.uk",15,20,16,22
"polar.ncep.noaa.gov",15,72,15,334
"www.aae.wisc.edu",15,7,1,12
"repository.unm.edu",15,971,14,2012
"www.vasci.umass.edu",15,285,74,436
"www.natsci.tripos.cam.ac.uk",15,25,20,25
"maps.data.ug",15,259,21,576
"nap.geogratis.gc.ca",15,885,28,3837
"www.cl.cam.ac.uk",15,749,2,4952
"marianne.in2p3.fr",15,113,4,296
"www.nsf.gov",15,2485,6,8933
"www.role-widgetstore.eu",15,111,6,691
"www.cesr.ncsu.edu",15,8,4,12
"www.seasite.niu.edu",15,37,2,295
"studyaway.luther.edu",15,5,5,5
"www.isi.edu",15,314,10,2836
"www.geog.ucl.ac.uk",15,19,19,19
"www.anselm.edu",15,42,3,191
"image.data.cma.cn",15,17,4,40
"hcil2.cs.umd.edu",15,21,3,53
"www.ecu.edu",15,4,3,4
"alamoana.keck.hawaii.edu",15,7,4,12
"glbrc.kbs.msu.edu",15,1684,373,4380
"www.caee.utexas.edu",15,7,1,12
"marinemetadata.org",15,3949,12,39354
"data.hawaii.gov",15,3174,22,20944
"piers.iath.virginia.edu",15,5631,2212,10600
"www.physics.smu.edu",15,16,4,111
"www.ecn.ac.uk",15,1258,91,3232
"ags.giscenter.isu.edu",15,1157,11,7009
"www.edc.uri.edu",15,1311,696,2470
"services.kgs.ku.edu",15,324,10,909
"www.zambezicommission.org",15,27,24,28
"data.sustainability.glbrc.org",15,1684,373,4380
"geofaculty.uwyo.edu",14,6,3,12
"public.wsu.edu",14,58,2,374
"www.atmos.umd.edu",14,211,4,828
"hydrology.nws.noaa.gov",14,442,74,1732
"wwwghcc.msfc.nasa.gov",14,5,5,5
"ubt.opus.hbz-nrw.de",14,854,25,6457
"frap.fire.ca.gov",14,1702,147,15512
"coastwatch.pfel.noaa.gov",14,625,3,719
"kamome.lib.ynu.ac.jp",14,1710,22,20851
"www.gemfellowship.org",14,83,82,85
"www.broadbandmap.gov",14,344,77,1663
"www.openarchives.org",14,144,36,861
"datashare.is.ed.ac.uk",14,985,16,6588
"beta.ckan.org",14,40,7,152
"www.arch.ksu.edu",14,3,2,10
"www.lycoming.edu",14,7,4,12
"www.lehman.cuny.edu",14,8,1,12
"cdaweb.sci.gsfc.nasa.gov",14,604,21,6619
"users.clas.ufl.edu",14,7,2,12
"journal.embnet.org",14,24,22,25
"www.eeob.iastate.edu",14,4,2,10
"ai.stanford.edu",14,10,3,24
"opendata.fondazionetorinomusei.it",14,4549,252,33489
"www.winton.phy.cam.ac.uk",14,25,23,25
"www.staff.ncl.ac.uk",14,46,2,194
"bbsrcdtp.lifesci.cam.ac.uk",14,23,18,23
"www.knox.edu",14,59,14,89
"planning.ucsc.edu",14,23,3,269
"spot.colorado.edu",14,11,2,96
"academics.skidmore.edu",14,91,51,188
"bjohns.in",14,2787,24,18901
"cs.sou.edu",14,16,4,63
"www.deldot.gov",14,2410,19,7353
"www.otan.nato.int",14,135,58,236
"webservices.ecan.govt.nz",14,198,44,264
"minfin.ru",14,1077,8,4898
"digilib.gmu.edu",14,337,16,1063
"www.elcamino.edu",14,173,2,858
"www.hdfeos.org",14,732,5,5245
"www.plantsciences.ucdavis.edu",14,13,4,68
"www.biol.ttu.edu",14,22,3,101
"athenaeum.libs.uga.edu",14,2487,26,6088
"www.lsa.umich.edu",14,55,2,276
"www.math.iit.edu",14,1733,64,2703
"faculty.fordham.edu",14,7,3,12
"ejournals.bc.edu",14,2348,18,17139
"charm.cs.illinois.edu",14,1176,136,2212
"dingo.sbs.arizona.edu",14,3137,4,15189
"www.geneseo.edu",14,500,2,3544
"mab.blt.kit.edu",14,90,33,339
"lod.data-archive.ac.uk",14,123,65,281
"wserver.flc.losrios.edu",14,25,1,112
"www.nhcpara.noaa.gov",14,508,348,670
"www.inet.econ.cam.ac.uk",14,295,20,3831
"data.kbif.re.kr",14,82,69,101
"www.bucknell.edu",14,73,13,242
"southcentral.edu",13,37,36,37
"www.luresext.edu",13,5,4,6
"faculty.smu.edu",13,7,1,12
"data.go.id",13,557,16,2133
"scholarworks.alaska.edu",13,434,10,2688
"www.epic.noaa.gov",13,225,177,416
"www.ceibs.edu",13,8,1,12
"archive.dojotoolkit.org",13,43,4,154
"foreverdata.org",13,4573,46,31099
"isda.ncsa.uiuc.edu",13,65,8,301
"psych.hanover.edu",13,140,4,256
"cdxnodengn.epa.gov",13,331,41,808
"weblearn.ox.ac.uk",13,62,57,69
"seiscode.iris.washington.edu",13,959,41,6598
"www.oaklandcc.edu",13,3,2,4
"www.therapservices.net",13,22,22,22
"ndi1-sa-prod.cc.nd.edu",13,18,18,18
"www.oc.nps.edu",13,7,2,42
"data.semanticweb.org",13,4066,11,30434
"www.math.montana.edu",13,245,133,406
"www.plantsci.cam.ac.uk",13,23,18,23
"www.asprsfoundation.org",13,36,35,36
"emweb.unl.edu",13,74,16,150
"piratesabroad.ecu.edu",13,32,32,32
"rxnav.nlm.nih.gov",13,581,49,2013
"cset.nsu.edu",13,151,54,233
"km.aifb.kit.edu",13,289,87,515
"www.esc.cam.ac.uk",13,20,17,23
"userfs.cec.wustl.edu",13,8,1,12
"www.bauer.uh.edu",13,7,1,14
"sofia.er.usgs.gov",13,2127,643,6267
"csma31.csm.jmu.edu",13,24,2,153
"www.uclm.es",13,6,4,10
"www.environmentaldataexchange.org.uk",13,127,33,242
"opendata.admin.ch",13,126,111,158
"www.coe.ou.edu",13,8,6,12
"iridl.ldeo.columbia.edu",13,2024,33,17011
"www.ohio.edu",13,23,2,194
"casoilresource.lawr.ucdavis.edu",13,31,13,90
"external.opengeospatial.org",13,405,25,749
"www.hu.mtu.edu",13,3,2,6
"www.ms.uky.edu",13,13,2,106
"www.cp.berkeley.edu",13,8,4,12
"lamar.colostate.edu",13,11,2,54
"www.rso.wsu.edu",13,9,1,12
"gander.wustl.edu",13,152,11,287
"www.usna.edu",13,32,2,209
"www.math.ucdavis.edu",13,1819,5,3348
"www.fammed.ouhsc.edu",13,41,1,191
"www2.engr.arizona.edu",13,10,4,18
"www.sociology.cam.ac.uk",13,20,17,22
"dspace.vsb.cz",13,7097,30,22028
"dmc122011.delmar.edu",13,2,2,4
"sampleserver1.arcgisonline.com",13,1217,10,6378
"www.bentoweb.org",13,580,235,1333
"csci.biola.edu",13,8,1,12
"capone.mtsu.edu",13,575,2,6861
"wateroutreach.uwex.edu",13,6,6,6
"www.southalabama.edu",13,2,2,4
"www.nwscc.edu",13,42,2,263
"www.stonybrook.edu",13,16,5,34
"www2.chemistry.msu.edu",13,7,2,12
"biodiversity.europa.eu",13,67,14,500
"groups.inf.ed.ac.uk",13,4355,335,7300
"www.pmel.noaa.gov",13,89,1,527
"discovery.ac.uk",13,108,9,302
"www.ece.mtu.edu",13,7,1,12
"johnmuir.ucdavis.edu",12,1021,13,3661
"genchem.rutgers.edu",12,65,4,176
"sdw-wsrest.ecb.europa.eu",12,5487,115,35349
"www.stratigraphy.org",12,38,36,39
"minerals.usgs.gov",12,824,737,901
"njms.rutgers.edu",12,16,7,115
"climate.atmos.colostate.edu",12,21,20,24
"www.interfaith.cam.ac.uk",12,23,19,24
"ecee.colorado.edu",12,2,1,6
"www1.va.gov",12,1117,330,2137
"cs.wmich.edu",12,9,4,12
"coecsl.ece.illinois.edu",12,11,1,50
"www.catalog.arizona.edu",12,4,3,4
"www.cs.csi.cuny.edu",12,9,4,12
"www.ctahr.hawaii.edu",12,152,6,250
"www.math.duke.edu",12,566,4,4308
"www4.stat.ncsu.edu",12,8,4,12
"www.sciencecamps.psu.edu",12,991,14,2821
"www.iana.org",12,2612,24,19682
"faculty.haas.berkeley.edu",12,7,1,12
"cohesiondata.ec.europa.eu",12,6785,33,23633
"andromeda.rutgers.edu",12,15,2,150
"www.pigeon.psy.tufts.edu",12,145,6,289
"hrr.ul.hirosaki-u.ac.jp",12,6363,58,36709
"fosdem.org",12,1084,6,2291
"www.cs.trinity.edu",12,117,4,231
"astl.uta.edu",12,6,1,12
"muskingum.edu",12,241,8,390
"my.lavc.edu",12,41,4,204
"heliophysicsdata.sci.gsfc.nasa.gov",12,1152,728,2429
"www.oua.ox.ac.uk",12,7,4,12
"faculty.uml.edu",12,11,2,66
"abroad.lsu.edu",12,,,
"ds.iris.edu",12,7,2,42
"sites.duke.edu",12,22,22,22
"www.opendatacanarias.es",12,6725,84,38736
"darc.cms.udel.edu",12,8,4,12
"zimmer.csufresno.edu",12,14,4,26
"facultyfp.salisbury.edu",12,8,1,12
"news.fiu.edu",12,450,18,1178
"www.stat.purdue.edu",12,23,4,168
"cida.usgs.gov",12,3793,27,35497
"services.nconemap.gov",12,420,130,847
"spetsstroy.ru",12,43,6,141
"dna.kdna.ucla.edu",12,9,2,86
"opendata.larochelle.fr",12,2461,356,6308
"www.bowdoin.edu",12,62,1,376
"www.psu.edu",12,46,4,364
"web.vims.edu",12,1023,1,3035
"stedt.berkeley.edu",12,671,34,2656
"www.math.purdue.edu",12,7,1,12
"147.102.19.213",12,64,53,95
"rs.tdwg.org",12,2088,60,16622
"cwcgom.aoml.noaa.gov",12,235,67,464
"isis.astrogeology.usgs.gov",12,122,45,360
"cegis.usgs.gov",12,39,38,40
"www.citoyensunisdeurope.eu",12,233,7,529
"we13.swe.org",12,35,35,35
"wupcenter.mtu.edu",12,88,1,302
"framenet2.icsi.berkeley.edu",12,1217,411,2341
"gis.cnra.ca.gov",12,214,57,429
"pzacad.pitzer.edu",12,11,1,18
"www.fws.gov",12,1217,293,2958
"wolfweb.unr.edu",12,559,2,3077
"pdssbn.astro.umd.edu",12,116,50,255
"www.landxml.org",12,5483,33,10237
"www.ddialliance.org",12,2375,310,16799
"studentinvolvement.wustl.edu",12,789,708,870
"data.sa.gov.au",12,7507,1146,23367
"www.wiu.edu",12,33,3,98
"data.bgs.ac.uk",12,68,32,149
"planner.eionet.europa.eu",12,2357,970,4681
"www.gallaudet.edu",12,93,22,361
"www.roseindia.net",12,169,66,286
"users.wpi.edu",12,8,4,15
"dlib.indiana.edu",12,1808,265,3544
"www.radford.edu",12,2140,1,6362
"www.skidmore.edu",12,5,2,12
"www.ece.utah.edu",12,26,4,78
"portal.ina-sdi.or.id",12,167,33,768
"gis.indiana.edu",12,1518,265,7008
"cardinalscholar.bsu.edu",12,121,13,828
"omeka.stedwards.edu",11,240,199,333
"unlock.edina.ac.uk",11,366,1,1316
"opendata.caceres.es",11,999,315,6545
"www.gov.mt",11,783,56,2472
"connects.catalyst.harvard.edu",11,12134,1966,43748
"bd.org.tr",11,14822,81,81344
"ocw.ub.edu",11,51,16,269
"public.econ.duke.edu",11,8,1,12
"www.providence.edu",11,2582,627,4754
"infohost.nmt.edu",11,73,4,720
"implicit.che.utah.edu",11,9,4,12
"www.oardc.ohio-state.edu",11,42,2,306
"www.auburn.edu",11,8,2,12
"ws03.iula.upf.edu",11,943,296,1718
"byss.arc.nasa.gov",11,6,4,8
"intlsa.uoregon.edu",11,61,61,61
"www.fishwatch.gov",11,89,68,118
"basepub.dauphine.fr",11,5007,369,7110
"www.energy.cam.ac.uk",11,20,20,20
"cse.unl.edu",11,8,4,12
"edaff.siumed.edu",11,6,6,6
"earq.uprrp.edu",11,10,6,12
"wortschatz.uni-leipzig.de",11,132,132,132
"cyber.law.harvard.edu",11,47,2,65
"users.ece.utexas.edu",11,9,2,12
"deichstadtradio.radioactive101.eu",11,108,25,264
"husmann.ra.no",11,374,32,970
"www.lautreagence.eu",11,44,44,45
"maps.bristol.gov.uk",11,561,392,1472
"www.usg.edu",11,2657,1022,4647
"data.international.gc.ca",11,5735,4,26193
"www.icao.int",11,6,1,12
"apps.geomatics.gov.nt.ca",11,186,15,855
"www.ccpo.odu.edu",11,139,2,246
"faculty.uscupstate.edu",11,8,4,12
"neurosurgery.mgh.harvard.edu",11,462,122,1116
"islandia.law.yale.edu",11,9,4,12
"www.mldata.org",11,854,221,6741
"ewp.rpi.edu",11,11,4,22
"biosci-labs.unl.edu",11,6,1,12
"tds.glos.us",11,1114,395,3684
"jerlab.psych.sc.edu",11,8,4,18
"faculty.wwu.edu",11,7,1,12
"solarphysics.livingreviews.org",11,1570,70,16135
"gci.upf.edu",11,79,45,150
"www.ouhsc.edu",11,59,4,243
"www.njcu.edu",11,214,150,420
"help.datahub.io",11,150,60,428
"www.bnrc.berkeley.edu",11,39,38,41
"pubs.bli.uci.edu",11,193,81,269
"www.math.ucsd.edu",11,130,1,844
"www.usca.edu",11,5,2,12
"books.bk.tudelft.nl",11,1558,248,3820
"revue.umc.edu.dz",11,7749,48,27254
"www.wacd.ucla.edu",11,41,39,42
"archiva.eionet.europa.eu",11,10,2,57
"schemas.opengis.net",11,151,33,285
"www.emsa.europa.eu",11,83,82,85
"www2.estrellamountain.edu",11,26,2,196
"cloud.sdsc.edu",11,625,5,2359
"www.idevelopment.info",11,299,12,2235
"ramanujan.math.trinity.edu",11,1746,903,3370
"www.emc.ncep.noaa.gov",11,46,2,189
"www-bsac.eecs.berkeley.edu",11,10,4,12
"www.hicahs.colostate.edu",11,12,10,28
"ritdml.rit.edu",11,126,10,795
"data.gov.bf",11,852,60,3974
"www.vet.cam.ac.uk",11,23,23,23
"www-users.york.ac.uk",11,7,2,12
"www.ace-eco.org",11,6834,34,37528
"frap.cdf.ca.gov",11,2058,147,15517
"iula02v.upf.edu",11,2656,17,13126
"acd.ucar.edu",11,9,4,15
"www.rsu.edu",11,201,75,410
"caremed.eng.usf.edu",11,17,16,20
"web.uflib.ufl.edu",11,16,12,20
"hdfeos.org",11,921,7,5245
"www.unr.edu",11,1052,120,6375
"www.nationalpostdoc.org",11,50,49,50
"www.law.illinois.edu",11,126,4,249
"www.antherm.eu",11,638,148,1747
"www.ee.siue.edu",11,9,3,12
"community.middlebury.edu",11,7,2,12
